_10_14_mcg_dl,_15_19_mcg_dl,_2000_population_of_children_6_and_under,_20_24_mcg_dl,_25_44_mcg_dl,_45_mcg_dl,county,total_tested,lrate1,lrate2,lrate3,lrate4,lrate5,lscore,Year
22,9,5652,2,1,0,Adams,959,22.94056309,9.384775808,2.085505735,1.042752868,0,44.31699688,2006
4,0,889,0,1,0,Alexander,190,21.05263158,0,0,5.263157895,0,36.84210527,2006
4,0,1425,1,1,0,Bond,292,13.69863014,0,3.424657534,3.424657534,0,30.82191781,2006
17,3,4735,0,4,0,Boone,735,23.1292517,4.081632653,0,5.442176871,0,45.57823129,2006
1,0,410,0,0,0,Brown,75,13.33333333,0,0,0,0,13.33333333,2006
8,1,3015,0,1,0,Bureau,352,22.72727273,2.840909091,0,2.840909091,0,35.51136364,2006
0,0,373,0,0,0,Calhoun,80,0,0,0,0,0,0,2006
6,5,1159,1,0,0,Carroll,306,19.60784314,16.33986928,3.267973856,0,0,50.65359477,2006
10,7,1376,2,1,0,Cass,346,28.9017341,20.23121387,5.780346821,2.89017341,0,79.47976878,2006
35,4,15229,0,2,1,Champaign,1880,18.61702128,2.127659574,0,1.063829787,0.531914894,27.65957447,2006
6,2,2763,2,1,0,Christian,545,11.00917431,3.669724771,3.669724771,1.834862385,0,29.35779816,2006
5,0,1308,0,0,0,Clark,306,16.33986928,0,0,0,0,16.33986928,2006
10,5,1231,0,1,0,Clay,295,33.89830508,16.94915254,0,3.389830508,0,69.49152541,2006
2,1,2765,0,0,0,Clinton,289,6.920415225,3.460207612,0,0,0,12.11072664,2006
9,3,3762,4,1,1,Coles,598,15.05016722,5.016722408,6.688963211,1.672240803,1.672240803,49.33110368,2006
275,96,241425,42,33,7,CookNotChicago,34358,8.003958321,2.794109087,1.222422725,0.960474999,0.203737121,18.540078,2006
2234,620,308416,234,214,42,Chicago,102847,21.72158643,6.028372242,2.275224362,2.080760742,0.408373604,43.59874376,2006
3,0,1408,1,0,0,Crawford,263,11.40684411,0,3.802281369,0,0,19.01140685,2006
1,0,871,0,0,0,Cumberland,160,6.25,0,0,0,0,6.25,2006
13,2,7983,0,0,0,DeKalb,693,18.75901876,2.886002886,0,0,0,23.08802309,2006
5,0,1430,0,0,0,DeWitt,298,16.77852349,0,0,0,0,16.77852349,2006
3,2,2055,1,1,0,Douglas,274,10.94890511,7.299270073,3.649635036,3.649635036,0,40.1459854,2006
30,4,89349,2,1,0,DuPage,5096,5.886970173,0.784929356,0.392464678,0.196232339,0,8.43799058,2006
4,4,1395,0,1,0,Edgar,247,16.19433198,16.19433198,0,4.048582996,0,52.63157894,2006
1,0,552,0,0,0,Edwards,134,7.462686567,0,0,0,0,7.462686567,2006
12,1,3210,3,1,0,Effingham,688,17.44186047,1.453488372,4.360465116,1.453488372,0,32.70348838,2006
8,0,1711,0,1,0,Fayette,391,20.46035806,0,0,2.557544757,0,28.13299233,2006
3,1,1228,0,0,0,Ford,71,42.25352113,14.08450704,0,0,0,63.38028169,2006
4,2,3235,1,1,0,Franklin,401,9.975062344,4.987531172,2.493765586,2.493765586,0,29.92518703,2006
9,3,2836,0,0,2,Fulton,439,20.50113895,6.833712984,0,0,4.555808656,53.53075171,2006
3,0,472,0,0,0,Gallatin,134,22.3880597,0,0,0,0,22.3880597,2006
3,0,1224,0,0,0,Greene,305,9.836065574,0,0,0,0,9.836065574,2006
1,1,3928,0,1,0,Grundy,353,2.83286119,2.83286119,0,2.83286119,0,15.58073655,2006
4,0,627,0,0,0,Hamilton,110,36.36363636,0,0,0,0,36.36363636,2006
11,4,1380,1,1,1,Hancock,432,25.46296296,9.259259259,2.314814815,2.314814815,2.314814815,62.5,2006
2,2,348,0,0,1,Hardin,51,39.21568627,39.21568627,0,0,19.60784314,196.0784314,2006
2,0,498,0,0,0,Henderson,125,16,0,0,0,0,16,2006
7,4,3959,4,3,1,Henry,890,7.865168539,4.494382022,4.494382022,3.370786517,1.123595506,39.3258427,2006
16,1,2432,0,1,1,Iroquois,329,48.63221884,3.039513678,0,3.039513678,3.039513678,77.50759878,2006
8,2,4238,1,0,0,Jackson,955,8.376963351,2.094240838,1.047120419,0,0,13.61256545,2006
0,1,823,1,0,0,Jasper,125,0,8,8,0,0,28,2006
1,1,3236,0,1,0,Jefferson,557,1.795332136,1.795332136,0,1.795332136,0,9.874326748,2006
4,0,1670,0,0,0,Jersey,354,11.29943503,0,0,0,0,11.29943503,2006
2,0,1643,0,0,0,Jo Daviess,146,13.69863014,0,0,0,0,13.69863014,2006
0,0,918,0,0,0,Johnson,87,0,0,0,0,0,0,2006
213,56,56926,30,30,1,Kane,10211,20.85985702,5.484281657,2.938008031,2.938008031,0.097933601,44.26598767,2006
38,7,10534,0,2,1,Kankakee,2574,14.76301476,2.71950272,0,0.777000777,0.388500389,23.11577312,2006
1,2,8217,0,0,0,Kendall,411,2.433090024,4.866180049,0,0,0,9.732360098,2006
36,13,4157,5,6,0,Knox,899,40.04449388,14.46051168,5.561735261,6.674082314,0,92.88097886,2006
46,16,73888,5,5,1,Lake,8669,5.306263698,1.845656939,0.576767793,0.576767793,0.115353559,11.53535587,2006
16,3,9755,3,0,0,LaSalle,1177,13.59388275,2.548853016,2.548853016,0,0,22.51486831,2006
9,2,1134,2,1,0,Lawrence,415,21.68674699,4.819277108,4.819277108,2.409638554,0,45.78313253,2006
8,2,2546,3,1,1,Lee,269,29.73977695,7.434944238,11.15241636,3.717472119,3.717472119,92.93680298,2006
29,4,3500,0,2,1,Livingston,832,34.85576923,4.807692308,0,2.403846154,1.201923077,55.28846154,2006
8,4,2246,0,1,0,Logan,339,23.59882006,11.79941003,0,2.949852507,0,50.14749263,2006
4,4,1848,0,1,1,McDonough,340,11.76470588,11.76470588,0,2.941176471,2.941176471,52.94117647,2006
16,5,29768,0,1,1,McHenry,2294,6.974716652,2.179598954,0,0.435919791,0.435919791,13.73147341,2006
18,4,13918,3,1,0,McLean,2014,8.937437934,1.986097319,1.489572989,0.49652433,0,16.38530288,2006
126,25,9868,7,7,1,Macon,2982,42.25352113,8.383635144,2.34741784,2.34741784,0.335345406,68.24279008,2006
12,1,3897,0,1,1,Macoupin,548,21.89781022,1.824817518,0,1.824817518,1.824817518,39.23357664,2006
39,18,22293,4,1,2,Madison,2665,14.63414634,6.754221388,1.500938086,0.375234522,0.750469043,32.64540338,2006
9,1,3439,0,0,0,Marion,700,12.85714286,1.428571429,0,0,0,15,2006
1,1,981,1,1,1,Marshall,114,8.771929825,8.771929825,8.771929825,8.771929825,8.771929825,109.6491228,2006
7,3,1314,1,0,0,Mason,274,25.54744526,10.94890511,3.649635036,0,0,49.270073,2006
0,0,1349,0,0,0,Massac,155,0,0,0,0,0,0,2006
0,0,951,0,0,0,Menard,97,0,0,0,0,0,0,2006
14,1,1323,2,0,0,Mercer,333,42.04204204,3.003003003,6.006006006,0,0,58.55855856,2006
1,0,2525,0,0,0,Monroe,198,5.050505051,0,0,0,0,5.050505051,2006
6,0,2298,0,0,0,Montgomery,515,11.65048544,0,0,0,0,11.65048544,2006
18,9,2769,4,1,0,Morgan,601,29.95008319,14.9750416,6.655574043,1.663893511,0,70.71547421,2006
2,0,1261,0,0,0,Moultrie,130,15.38461538,0,0,0,0,15.38461538,2006
6,2,4309,1,0,0,Ogle,309,19.41747573,6.472491909,3.236245955,0,0,35.5987055,2006
142,52,18178,21,16,0,Peoria,2856,49.71988796,18.20728291,7.352941176,5.602240896,0,108.5434174,2006
5,1,1721,1,0,0,Perry,316,15.82278481,3.164556962,3.164556962,0,0,26.89873418,2006
4,1,1291,0,1,0,Piatt,188,21.27659574,5.319148936,0,5.319148936,0,45.21276595,2006
9,2,1315,2,0,0,Pike,325,27.69230769,6.153846154,6.153846154,0,0,49.23076923,2006
0,0,234,0,0,0,Pope,22,0,0,0,0,0,0,2006
0,2,644,0,1,0,Pulaski,91,0,21.97802198,0,10.98901099,0,65.93406594,2006
0,1,433,0,0,0,Putnam,45,0,22.22222222,0,0,0,33.33333333,2006
11,0,2559,0,0,0,Randolph,378,29.1005291,0,0,0,0,29.1005291,2006
2,1,1290,0,0,0,Richland,289,6.920415225,3.460207612,0,0,0,12.11072664,2006
115,34,13472,6,12,3,Rock Island,4061,28.31814824,8.372322088,1.477468604,2.954937208,0.738734302,56.39005171,2006
139,35,25318,8,7,0,St. Clair,5543,25.07667328,6.314270251,1.443261772,1.26285405,0,41.22316435,2006
9,3,2163,1,0,0,Saline,539,16.69758813,5.565862709,1.85528757,0,0,28.75695733,2006
61,17,17656,12,13,1,Sangamon,3093,19.7219528,5.496281927,3.879728419,4.203039121,0.323310702,49.9515034,2006
0,0,543,0,0,0,Schuyler,87,0,0,0,0,0,0,2006
6,1,397,0,0,0,Scott,102,58.82352941,9.803921569,0,0,0,73.52941176,2006
5,2,1695,0,0,0,Shelby,308,16.23376623,6.493506494,0,0,0,25.97402597,2006
3,1,499,1,1,0,Stark,132,22.72727273,7.575757576,7.575757576,7.575757576,0,71.96969697,2006
36,17,4079,8,4,0,Stephenson,1116,32.25806452,15.23297491,7.168458781,3.584229391,0,80.19713262,2006
13,3,10969,0,0,0,Tazewell,1885,6.896551724,1.591511936,0,0,0,9.283819628,2006
2,3,1459,2,3,0,Union,382,5.235602094,7.853403141,5.235602094,7.853403141,0,51.04712042,2006
37,11,7650,1,3,1,Vermilion,1145,32.31441048,9.6069869,0.873362445,2.620087336,0.873362445,60.69868995,2006
7,3,988,0,0,0,Wabash,280,25,10.71428571,0,0,0,41.07142857,2006
6,0,1380,0,1,0,Warren,236,25.42372881,0,0,4.237288136,0,38.13559322,2006
2,0,1165,1,0,0,Washington,101,19.8019802,0,9.900990099,0,0,39.6039604,2006
12,3,1352,0,0,0,Wayne,416,28.84615385,7.211538462,0,0,0,39.66346154,2006
8,1,1102,1,0,0,White,246,32.5203252,4.06504065,4.06504065,0,0,46.74796748,2006
16,1,5166,2,2,0,Whiteside,1289,12.41272304,0.77579519,1.55159038,1.55159038,0,21.33436773,2006
44,9,67427,0,6,1,Will,5186,8.484381026,1.735441573,0,1.156961049,0.192826841,15.52256074,2006
0,0,5205,0,0,0,Williamson,438,0,0,0,0,0,0,2006
75,32,27879,12,9,1,Winnebago,4279,17.52745969,7.4783828,2.80439355,2.103295162,0.233699462,41.83220379,2006
6,0,3036,0,0,0,Woodford,244,24.59016393,0,0,0,0,24.59016393,2006
33,7,5652,0,5,1,Adams,985,33.50253807,7.106598985,0,5.076142132,1.015228426,64.46700508,2005
7,1,889,0,1,0,Alexander,190,36.84210526,5.263157895,0,5.263157895,0,60.52631579,2005
3,5,1425,1,0,0,Bond,319,9.404388715,15.67398119,3.134796238,0,0,39.18495298,2005
9,0,4735,2,2,2,Boone,638,14.10658307,0,3.134796238,3.134796238,3.134796238,45.45454545,2005
1,0,410,0,0,0,Brown,71,14.08450704,0,0,0,0,14.08450704,2005
6,2,3015,0,1,0,Bureau,469,12.79317697,4.264392324,0,2.132196162,0,25.58635394,2005
0,0,373,0,0,0,Calhoun,56,0,0,0,0,0,0,2005
5,3,1159,5,2,0,Carroll,251,19.92031873,11.95219124,19.92031873,7.96812749,0,101.5936255,2005
11,1,1376,1,2,1,Cass,310,35.48387097,3.225806452,3.225806452,6.451612903,3.225806452,82.25806452,2005
32,8,15229,3,4,0,Champaign,1754,18.24401368,4.561003421,1.710376283,2.28050171,0,35.34777651,2005
6,0,2763,1,1,0,Christian,365,16.43835616,0,2.739726027,2.739726027,0,30.1369863,2005
4,1,1308,0,1,0,Clark,302,13.24503311,3.311258278,0,3.311258278,0,28.14569536,2005
4,7,1231,0,2,0,Clay,289,13.84083045,24.22145329,0,6.920415225,0,70.93425606,2005
5,2,2765,0,0,0,Clinton,262,19.08396947,7.633587786,0,0,0,30.53435115,2005
11,6,3762,2,1,0,Coles,598,18.39464883,10.03344482,3.344481605,1.672240803,0,45.15050167,2005
384,108,241425,45,50,6,CookNotChicago,32770,11.71803479,3.295697284,1.373207202,1.52578578,0.183094294,24.90082392,2005
3004,782,308416,314,307,59,Chicago,101033,29.73285956,7.740045332,3.10789544,3.038611147,0.583967615,59.59438995,2005
5,0,1408,2,0,0,Crawford,262,19.08396947,0,7.633587786,0,0,34.35114504,2005
3,1,871,0,1,0,Cumberland,179,16.75977654,5.586592179,0,5.586592179,0,41.89944134,2005
8,1,7983,1,0,0,DeKalb,662,12.08459215,1.510574018,1.510574018,0,0,17.37160121,2005
4,0,1430,0,0,0,DeWitt,303,13.20132013,0,0,0,0,13.20132013,2005
1,4,2055,2,0,0,Douglas,281,3.558718861,14.23487544,7.117437722,0,0,39.14590747,2005
26,13,89349,4,3,0,DuPage,4636,5.608283003,2.804141501,0.86281277,0.647109577,0,13.48144953,2005
6,3,1395,0,0,0,Edgar,344,17.44186047,8.720930233,0,0,0,30.52325581,2005
4,1,552,0,0,0,Edwards,172,23.25581395,5.813953488,0,0,0,31.97674419,2005
6,2,3210,0,1,0,Effingham,609,9.852216749,3.28407225,0,1.642036125,0,19.7044335,2005
11,1,1711,0,0,0,Fayette,401,27.43142145,2.493765586,0,0,0,31.17206983,2005
0,0,1228,1,0,0,Ford,62,0,0,16.12903226,0,0,32.25806452,2005
0,0,3235,0,1,0,Franklin,295,0,0,0,3.389830508,0,10.16949153,2005
22,9,2836,3,0,0,Fulton,437,50.34324943,20.59496568,6.864988558,0,0,94.96567506,2005
0,0,472,0,0,0,Gallatin,130,0,0,0,0,0,0,2005
6,3,1224,1,0,0,Greene,303,19.8019802,9.900990099,3.300330033,0,0,41.25412541,2005
0,0,3928,0,0,0,Grundy,313,0,0,0,0,0,0,2005
7,0,627,0,0,0,Hamilton,94,74.46808511,0,0,0,0,74.46808511,2005
12,4,1380,2,0,0,Hancock,366,32.78688525,10.92896175,5.464480874,0,0,60.10928962,2005
0,0,348,0,1,0,Hardin,57,0,0,0,17.54385965,0,52.63157895,2005
2,0,498,1,0,0,Henderson,177,11.29943503,0,5.649717514,0,0,22.59887006,2005
27,8,3959,2,2,0,Henry,1002,26.94610778,7.984031936,1.996007984,1.996007984,0,48.90219561,2005
6,1,2432,0,0,0,Iroquois,278,21.58273381,3.597122302,0,0,0,26.97841727,2005
5,5,4238,0,1,0,Jackson,823,6.075334143,6.075334143,0,1.215066829,0,18.83353584,2005
3,2,823,1,0,0,Jasper,154,19.48051948,12.98701299,6.493506494,0,0,51.94805195,2005
4,5,3236,1,1,0,Jefferson,675,5.925925926,7.407407407,1.481481481,1.481481481,0,24.44444444,2005
5,0,1670,1,0,0,Jersey,297,16.83501684,0,3.367003367,0,0,23.56902357,2005
1,2,1643,1,0,0,Jo Daviess,136,7.352941176,14.70588235,7.352941176,0,0,44.11764706,2005
0,0,918,0,0,0,Johnson,74,0,0,0,0,0,0,2005
242,72,56926,30,32,4,Kane,9910,24.419778,7.265388496,3.027245207,3.229061554,0.403632694,53.07769929,2005
39,6,10534,3,2,0,Kankakee,2435,16.0164271,2.464065708,1.232032854,0.821355236,0,24.64065708,2005
4,0,8217,1,0,1,Kendall,319,12.53918495,0,3.134796238,0,3.134796238,34.48275862,2005
41,17,4157,2,7,0,Knox,915,44.80874317,18.57923497,2.18579235,7.650273224,0,100,2005
77,20,73888,13,6,1,Lake,8542,9.014282369,2.341372044,1.521891829,0.702411613,0.117068602,18.26270194,2005
29,5,9755,3,1,0,LaSalle,1313,22.08682407,3.808073115,2.284843869,0.761614623,0,34.65346535,2005
5,1,1134,2,0,0,Lawrence,424,11.79245283,2.358490566,4.716981132,0,0,24.76415094,2005
9,3,2546,2,0,0,Lee,323,27.86377709,9.287925697,6.191950464,0,0,54.17956656,2005
16,3,3500,2,1,0,Livingston,720,22.22222222,4.166666667,2.777777778,1.388888889,0,38.19444444,2005
6,0,2246,0,1,0,Logan,356,16.85393258,0,0,2.808988764,0,25.28089888,2005
6,1,1848,1,1,0,McDonough,348,17.24137931,2.873563218,2.873563218,2.873563218,0,35.91954023,2005
10,4,29768,3,2,0,McHenry,1756,5.69476082,2.277904328,1.708428246,1.138952164,0,15.9453303,2005
20,4,13918,1,3,0,McLean,1929,10.36806636,2.073613271,0.518403318,1.555209953,0,19.18092276,2005
124,28,9868,13,5,1,Macon,3008,41.22340426,9.308510638,4.321808511,1.662234043,0.332446809,70.4787234,2005
7,4,3897,2,0,0,Macoupin,554,12.63537906,7.220216606,3.610108303,0,0,30.68592058,2005
35,4,22293,4,6,0,Madison,2389,14.65048137,1.674340728,1.674340728,2.511511093,0,28.0452072,2005
7,4,3439,2,0,0,Marion,634,11.04100946,6.309148265,3.154574132,0,0,26.81388013,2005
1,1,981,0,1,0,Marshall,112,8.928571429,8.928571429,0,8.928571429,0,49.10714286,2005
2,3,1314,1,1,0,Mason,164,12.19512195,18.29268293,6.097560976,6.097560976,0,70.12195122,2005
2,0,1349,0,0,0,Massac,148,13.51351351,0,0,0,0,13.51351351,2005
2,1,951,2,0,0,Menard,68,29.41176471,14.70588235,29.41176471,0,0,110.2941176,2005
7,1,1323,0,2,0,Mercer,362,19.33701657,2.762430939,0,5.524861878,0,40.05524862,2005
7,0,2525,0,0,0,Monroe,189,37.03703704,0,0,0,0,37.03703704,2005
16,1,2298,0,0,0,Montgomery,480,33.33333333,2.083333333,0,0,0,36.45833333,2005
19,9,2769,5,5,0,Morgan,645,29.45736434,13.95348837,7.751937984,7.751937984,0,89.14728682,2005
1,0,1261,0,0,0,Moultrie,133,7.518796992,0,0,0,0,7.518796992,2005
4,1,4309,2,1,0,Ogle,347,11.52737752,2.88184438,5.763688761,2.88184438,0,36.02305476,2005
159,69,18178,25,14,0,Peoria,2668,59.5952024,25.86206897,9.370314843,5.247376312,0,132.8710645,2005
3,1,1721,0,0,0,Perry,247,12.14574899,4.048582996,0,0,0,18.21862348,2005
3,2,1291,1,1,0,Piatt,187,16.04278075,10.69518717,5.347593583,5.347593583,0,58.82352941,2005
10,3,1315,1,1,0,Pike,358,27.93296089,8.379888268,2.793296089,2.793296089,0,54.46927374,2005
0,0,234,0,0,0,Pope,23,0,0,0,0,0,0,2005
1,1,644,0,1,0,Pulaski,54,18.51851852,18.51851852,0,18.51851852,0,101.8518519,2005
1,0,433,0,0,0,Putnam,53,18.86792453,0,0,0,0,18.86792453,2005
19,1,2559,3,1,0,Randolph,361,52.63157895,2.770083102,8.310249307,2.770083102,0,81.71745152,2005
6,2,1290,1,0,0,Richland,251,23.90438247,7.96812749,3.984063745,0,0,43.8247012,2005
130,38,13472,13,14,1,Rock Island,3839,33.86298515,9.898411045,3.386298515,3.646783016,0.260484501,67.7259703,2005
147,52,25318,15,12,0,St. Clair,5274,27.87258248,9.859689041,2.844141069,2.275312856,0,55.17633675,2005
5,2,2163,0,2,0,Saline,558,8.960573477,3.584229391,0,3.584229391,0,25.08960573,2005
72,24,17656,15,5,0,Sangamon,3022,23.82528127,7.941760424,4.963600265,1.654533422,0,50.6287227,2005
2,2,543,0,0,0,Schuyler,99,20.2020202,20.2020202,0,0,0,50.50505051,2005
5,0,397,1,0,0,Scott,134,37.31343284,0,7.462686567,0,0,52.23880597,2005
4,1,1695,0,3,0,Shelby,274,14.59854015,3.649635036,0,10.94890511,0,52.91970803,2005
4,0,499,0,0,0,Stark,139,28.77697842,0,0,0,0,28.77697842,2005
42,16,4079,5,5,0,Stephenson,1131,37.13527851,14.14677277,4.42086649,4.42086649,0,80.45977011,2005
19,3,10969,3,0,1,Tazewell,1103,17.22574796,2.719854941,2.719854941,0,0.906618314,31.27833182,2005
2,1,1459,0,2,1,Union,186,10.75268817,5.376344086,0,10.75268817,5.376344086,77.95698925,2005
42,11,7650,6,8,0,Vermilion,825,50.90909091,13.33333333,7.272727273,9.696969697,0,114.5454545,2005
5,3,988,3,1,0,Wabash,295,16.94915254,10.16949153,10.16949153,3.389830508,0,62.71186441,2005
8,0,1380,1,2,0,Warren,290,27.5862069,0,3.448275862,6.896551724,0,55.17241379,2005
0,0,1165,1,1,0,Washington,100,0,0,10,10,0,50,2005
7,2,1352,2,0,0,Wayne,425,16.47058824,4.705882353,4.705882353,0,0,32.94117647,2005
12,2,1102,0,0,0,White,310,38.70967742,6.451612903,0,0,0,48.38709677,2005
17,12,5166,2,1,0,Whiteside,1377,12.34567901,8.71459695,1.452432825,0.726216412,0,30.50108932,2005
40,11,67427,2,4,0,Will,4415,9.06002265,2.491506229,0.453001133,0.906002265,0,16.42129105,2005
3,0,5205,0,0,0,Williamson,298,10.06711409,0,0,0,0,10.06711409,2005
86,49,27879,11,12,2,Winnebago,4086,21.0474792,11.99216838,2.692119432,2.936857562,0.48947626,55.67792462,2005
2,1,3036,0,0,0,Woodford,123,16.2601626,8.130081301,0,0,0,28.45528455,2005
29,6,6006,4,3,0,Adams,534,54.3071161,11.23595506,7.490636704,5.617977528,0,102.9962547,2004
7,3,846,1,0,0,Alexander,166,42.1686747,18.07228916,6.024096386,0,0,81.3253012,2004
3,0,1411,0,1,0,Bond,256,11.71875,0,0,3.90625,0,23.4375,2004
4,4,4569,0,0,0,Boone,452,8.849557522,8.849557522,0,0,0,22.12389381,2004
3,0,398,0,0,0,Brown,64,46.875,0,0,0,0,46.875,2004
2,1,3022,0,0,0,Bureau,377,5.305039788,2.652519894,0,0,0,9.283819629,2004
1,0,386,0,0,0,Calhoun,64,15.625,0,0,0,0,15.625,2004
2,3,1331,0,2,0,Carroll,272,7.352941176,11.02941176,0,7.352941176,0,45.95588235,2004
9,3,1293,0,1,0,Cass,299,30.10033445,10.03344482,0,3.344481605,0,55.18394649,2004
23,7,14575,2,0,0,Champaign,1748,13.15789474,4.004576659,1.14416476,0,0,21.45308924,2004
8,4,3039,1,1,0,Christian,498,16.06425703,8.032128514,2.008032129,2.008032129,0,38.15261044,2004
9,0,1491,1,0,0,Clark,273,32.96703297,0,3.663003663,0,0,40.29304029,2004
3,3,1240,0,0,0,Clay,313,9.584664537,9.584664537,0,0,0,23.96166134,2004
1,0,3147,0,0,0,Clinton,169,5.917159763,0,0,0,0,5.917159763,2004
7,3,3925,0,0,1,Coles,484,14.46280992,6.198347107,0,0,2.066115702,34.09090909,2004
396,125,241425,57,42,9,CookNotChicago,31189,12.69678412,4.007823271,1.827567412,1.346628619,0.288563276,27.84635609,2004
4121,1155,308416,398,385,47,Chicago,105047,39.23005893,10.99507839,3.78878026,3.665026131,0.447418774,76.5324093,2004
6,2,1581,0,2,0,Crawford,285,21.05263158,7.01754386,0,7.01754386,0,52.63157895,2004
3,0,1021,0,0,0,Cumberland,144,20.83333333,0,0,0,0,20.83333333,2004
12,3,7843,0,1,0,DeKalb,774,15.50387597,3.875968992,0,1.291989664,0,25.19379845,2004
6,2,1497,1,1,0,DeWitt,294,20.40816327,6.802721088,3.401360544,3.401360544,0,47.61904762,2004
5,1,1906,1,1,0,Douglas,244,20.49180328,4.098360656,4.098360656,4.098360656,0,47.13114754,2004
198,64,93555,16,16,3,DuPage,7900,25.06329114,8.101265823,2.025316456,2.025316456,0.379746835,49.24050633,2004
5,4,1641,0,0,0,Edgar,179,27.93296089,22.34636872,0,0,0,61.45251397,2004
3,0,563,0,0,0,Edwards,113,26.54867257,0,0,0,0,26.54867257,2004
7,4,3481,0,0,0,Effingham,343,20.40816327,11.66180758,0,0,0,37.90087464,2004
8,0,1860,1,0,0,Fayette,387,20.67183463,0,2.583979328,0,0,25.83979328,2004
1,0,1287,0,0,0,Ford,106,9.433962264,0,0,0,0,9.433962264,2004
11,0,3176,0,0,1,Franklin,250,44,0,0,0,4,64,2004
22,4,3022,1,1,0,Fulton,368,59.7826087,10.86956522,2.717391304,2.717391304,0,89.67391304,2004
2,0,504,0,0,0,Gallatin,98,20.40816327,0,0,0,0,20.40816327,2004
8,2,1303,0,2,0,Greene,286,27.97202797,6.993006993,0,6.993006993,0,59.44055944,2004
1,0,3519,0,0,0,Grundy,287,3.484320557,0,0,0,0,3.484320557,2004
4,0,740,0,1,0,Hamilton,103,38.83495146,0,0,9.708737864,0,67.96116505,2004
9,6,1664,4,1,0,Hancock,363,24.79338843,16.52892562,11.01928375,2.754820937,0,79.88980716,2004
0,1,350,0,1,0,Hardin,81,0,12.34567901,0,12.34567901,0,55.55555556,2004
2,0,667,0,0,0,Henderson,123,16.2601626,0,0,0,0,16.2601626,2004
17,7,4355,1,4,0,Henry,729,23.31961591,9.602194787,1.371742112,5.48696845,0,56.92729767,2004
12,1,2762,0,0,0,Iroquois,328,36.58536585,3.048780488,0,0,0,41.15853659,2004
14,3,4187,0,1,1,Jackson,814,17.1990172,3.685503686,0,1.228501229,1.228501229,32.55528256,2004
2,0,817,0,1,0,Jasper,121,16.52892562,0,0,8.26446281,0,41.32231405,2004
7,1,3352,0,1,0,Jefferson,542,12.91512915,1.84501845,0,1.84501845,0,21.21771218,2004
2,1,1845,0,0,1,Jersey,242,8.26446281,4.132231405,0,0,4.132231405,35.12396694,2004
7,0,1791,0,0,0,Jo Daviess,184,38.04347826,0,0,0,0,38.04347826,2004
0,0,841,0,0,0,Johnson,59,0,0,0,0,0,0,2004
142,39,49455,19,27,2,Kane,6332,22.42577385,6.159191409,3.000631712,4.264055591,0.31585597,52.037271,2004
45,14,10337,6,5,1,Kankakee,2451,18.35985312,5.711954304,2.447980416,2.03998368,0.407996736,39.98368013,2004
3,2,6223,0,4,0,Kendall,372,8.064516129,5.376344086,0,10.75268817,0,48.38709677,2004
35,14,4532,3,11,0,Knox,903,38.75968992,15.50387597,3.322259136,12.18161683,0,105.2048726,2004
58,26,75283,11,5,0,Lake,8026,7.22651383,3.239471717,1.370545726,0.62297533,0,16.69573885,2004
30,9,9978,2,3,0,LaSalle,1518,19.76284585,5.928853755,1.317523057,1.976284585,0,37.22002635,2004
3,3,1189,0,1,0,Lawrence,299,10.03344482,10.03344482,0,3.344481605,0,35.11705686,2004
12,3,2884,2,1,0,Lee,291,41.2371134,10.30927835,6.872852234,3.436426117,0,80.75601375,2004
29,5,3410,2,2,0,Livingston,758,38.2585752,6.596306069,2.638522427,2.638522427,0,61.34564644,2004
10,3,2406,0,0,0,Logan,352,28.40909091,8.522727273,0,0,0,41.19318182,2004
5,2,2058,0,1,0,McDonough,298,16.77852349,6.711409396,0,3.355704698,0,36.91275168,2004
16,3,30310,1,1,0,McHenry,1734,9.2272203,1.730103806,0.576701269,0.576701269,0,14.70588235,2004
20,5,13763,0,5,2,McLean,1893,10.56524036,2.64131009,0,2.64131009,1.056524036,27.73375594,2004
132,35,10477,11,0,1,Macon,2906,45.42326222,12.0440468,3.785271851,0,0.344115623,72.78045423,2004
7,2,4031,1,0,0,Macoupin,483,14.49275362,4.140786749,2.070393375,0,0,24.8447205,2004
36,13,23186,3,5,0,Madison,2386,15.08801341,5.448449288,1.257334451,2.095557418,0,32.0620285,2004
11,5,3784,1,3,0,Marion,711,15.47116737,7.032348805,1.406469761,4.219409283,0,41.49085795,2004
1,0,1105,1,1,1,Marshall,107,9.345794393,0,9.345794393,9.345794393,9.345794393,102.8037383,2004
6,1,1357,1,3,0,Mason,178,33.70786517,5.617977528,5.617977528,16.85393258,0,103.9325843,2004
1,0,1323,0,0,0,Massac,119,8.403361345,0,0,0,0,8.403361345,2004
2,2,1076,1,0,0,Menard,105,19.04761905,19.04761905,9.523809524,0,0,66.66666667,2004
2,2,1381,1,0,0,Mercer,275,7.272727273,7.272727273,3.636363636,0,0,25.45454545,2004
4,0,2593,1,0,0,Monroe,163,24.5398773,0,6.134969325,0,0,36.80981595,2004
10,2,2518,1,1,0,Montgomery,427,23.41920375,4.683840749,2.341920375,2.341920375,0,42.15456674,2004
18,3,2881,0,3,0,Morgan,625,28.8,4.8,0,4.8,0,50.4,2004
1,0,1327,0,0,0,Moultrie,95,10.52631579,0,0,0,0,10.52631579,2004
9,2,4699,2,0,0,Ogle,384,23.4375,5.208333333,5.208333333,0,0,41.66666667,2004
118,53,17883,18,18,4,Peoria,2080,56.73076923,25.48076923,8.653846154,8.653846154,1.923076923,147.8365385,2004
11,1,1759,0,0,0,Perry,197,55.83756345,5.076142132,0,0,0,63.45177665,2004
6,1,1476,1,0,0,Piatt,195,30.76923077,5.128205128,5.128205128,0,0,48.71794872,2004
10,0,1452,1,0,0,Pike,309,32.36245955,0,3.236245955,0,0,38.83495146,2004
0,0,299,0,0,0,Pope,27,0,0,0,0,0,0,2004
3,0,663,0,0,0,Pulaski,78,38.46153846,0,0,0,0,38.46153846,2004
1,0,512,0,0,0,Putnam,45,22.22222222,0,0,0,0,22.22222222,2004
17,5,2635,3,0,0,Randolph,370,45.94594595,13.51351351,8.108108108,0,0,82.43243243,2004
4,1,1380,0,1,0,Richland,213,18.77934272,4.694835681,0,4.694835681,0,39.90610329,2004
156,43,13246,9,17,0,Rock Island,3781,41.25892621,11.37265274,2.380322666,4.496165036,0,76.56704576,2004
147,42,25494,11,12,4,St. Clair,5000,29.4,8.4,2.2,2.4,0.8,57.6,2004
9,3,2169,0,1,0,Saline,475,18.94736842,6.315789474,0,2.105263158,0,34.73684211,2004
55,11,17297,6,11,1,Sangamon,2408,22.84053156,4.568106312,2.491694352,4.568106312,0.415282392,50.45681063,2004
2,0,575,0,1,0,Schuyler,61,32.78688525,0,0,16.39344262,0,81.96721311,2004
0,0,513,0,0,0,Scott,81,0,0,0,0,0,0,2004
4,1,1961,0,1,0,Shelby,252,15.87301587,3.968253968,0,3.968253968,0,33.73015873,2004
6,0,584,0,0,0,Stark,80,75,0,0,0,0,75,2004
34,17,4280,6,4,2,Stephenson,1060,32.0754717,16.03773585,5.660377358,3.773584906,1.886792453,88.20754717,2004
18,5,11377,0,2,0,Tazewell,1058,17.01323251,4.725897921,0,1.890359168,0,29.7731569,2004
6,0,1382,1,1,0,Union,160,37.5,0,6.25,6.25,0,68.75,2004
23,8,7994,1,6,3,Vermilion,696,33.04597701,11.49425287,1.436781609,8.620689655,4.310344828,100.5747126,2004
11,3,1028,1,1,0,Wabash,228,48.24561404,13.15789474,4.385964912,4.385964912,0,89.9122807,2004
7,1,1523,1,2,0,Warren,271,25.8302583,3.6900369,3.6900369,7.380073801,0,60.88560886,2004
2,0,1220,0,0,0,Washington,60,33.33333333,0,0,0,0,33.33333333,2004
11,0,1436,2,0,0,Wayne,389,28.27763496,0,5.141388175,0,0,38.56041131,2004
8,0,1103,0,0,0,White,296,27.02702703,0,0,0,0,27.02702703,2004
13,5,5533,3,0,0,Whiteside,1229,10.57770545,4.068348251,2.44100895,0,0,21.56224573,2004
44,17,59504,5,4,1,Will,3934,11.18454499,4.321301474,1.270971022,1.016776817,0.254194204,24.52974072,2004
5,2,5152,2,0,0,Williamson,293,17.06484642,6.825938567,6.825938567,0,0,40.9556314,2004
113,46,27857,25,23,2,Winnebago,4267,26.48230607,10.78040778,5.858917272,5.39020389,0.468713382,72.88493086,2004
2,1,3329,0,0,0,Woodford,81,24.69135802,12.34567901,0,0,0,43.20987654,2004
34,11,6006,6,3,1,Adams,545,62.3853211,20.18348624,11.00917431,5.504587156,1.834862385,140.3669725,2003
10,3,846,1,0,0,Alexander,110,90.90909091,27.27272727,9.090909091,0,0,150,2003
5,2,1411,0,0,0,Bond,262,19.08396947,7.633587786,0,0,0,30.53435115,2003
11,3,4569,1,1,1,Boone,497,22.13279678,6.036217304,2.012072435,2.012072435,2.012072435,51.30784708,2003
1,1,398,0,0,0,Brown,40,25,25,0,0,0,62.5,2003
7,6,3022,0,0,0,Bureau,412,16.99029126,14.5631068,0,0,0,38.83495146,2003
5,0,386,1,0,0,Calhoun,87,57.47126437,0,11.49425287,0,0,80.45977011,2003
6,2,1331,1,4,1,Carroll,270,22.22222222,7.407407407,3.703703704,14.81481481,3.703703704,103.7037037,2003
11,6,1293,0,2,0,Cass,267,41.19850187,22.47191011,0,7.490636704,0,97.37827715,2003
38,14,14575,2,2,0,Champaign,1626,23.3702337,8.610086101,1.2300123,1.2300123,0,42.43542435,2003
5,2,3039,0,1,0,Christian,356,14.04494382,5.617977528,0,2.808988764,0,30.8988764,2003
0,0,1491,0,0,0,Clark,34,0,0,0,0,0,0,2003
3,3,1240,0,0,0,Clay,313,9.584664537,9.584664537,0,0,0,23.96166134,2003
0,0,3147,0,0,0,Clinton,185,0,0,0,0,0,0,2003
0,3,3925,0,0,0,Coles,389,0,7.712082262,0,0,0,11.56812339,2003
527,138,241425,77,85,16,CookNotChicago,32837,16.04896915,4.202576362,2.344915796,2.588543411,0.48725523,37.24457167,2003
5506,1589,308416,601,552,77,Chicago,113023,48.71574812,14.05908532,5.317501747,4.883961672,0.681277262,98.49765092,2003
2,1,1581,0,2,0,Crawford,326,6.134969325,3.067484663,0,6.134969325,0,29.14110429,2003
0,2,1021,0,1,0,Cumberland,74,0,27.02702703,0,13.51351351,0,81.08108108,2003
16,5,7843,0,1,0,DeKalb,567,28.21869489,8.818342152,0,1.76366843,0,46.7372134,2003
9,1,1497,1,1,0,DeWitt,343,26.23906706,2.915451895,2.915451895,2.915451895,0,45.18950437,2003
5,1,1906,1,0,0,Douglas,219,22.83105023,4.566210046,4.566210046,0,0,38.81278539,2003
48,19,93555,3,5,4,DuPage,5101,9.409919624,3.724759851,0.588119976,0.980199961,0.784159969,23.03469908,2003
12,5,1641,2,0,0,Edgar,192,62.5,26.04166667,10.41666667,0,0,122.3958333,2003
3,1,563,0,0,0,Edwards,130,23.07692308,7.692307692,0,0,0,34.61538462,2003
3,1,3481,1,0,0,Effingham,216,13.88888889,4.62962963,4.62962963,0,0,30.09259259,2003
10,4,1860,4,4,0,Fayette,378,26.45502646,10.58201058,10.58201058,10.58201058,0,95.23809524,2003
1,3,1287,0,0,0,Ford,134,7.462686567,22.3880597,0,0,0,41.04477612,2003
13,1,3176,0,0,0,Franklin,305,42.62295082,3.278688525,0,0,0,47.54098361,2003
15,8,3022,1,5,0,Fulton,412,36.40776699,19.41747573,2.427184466,12.13592233,0,106.7961165,2003
1,0,504,0,0,0,Gallatin,100,10,0,0,0,0,10,2003
16,5,1303,1,2,0,Greene,287,55.74912892,17.42160279,3.484320557,6.968641115,0,109.7560976,2003
1,1,3519,0,0,0,Grundy,258,3.875968992,3.875968992,0,0,0,9.689922481,2003
1,2,740,0,0,0,Hamilton,90,11.11111111,22.22222222,0,0,0,44.44444444,2003
14,5,1664,4,0,0,Hancock,342,40.93567251,14.61988304,11.69590643,0,0,86.25730994,2003
3,0,350,0,0,1,Hardin,55,54.54545455,0,0,0,18.18181818,145.4545455,2003
1,0,667,0,0,0,Henderson,111,9.009009009,0,0,0,0,9.009009009,2003
11,9,4355,2,2,0,Henry,303,36.30363036,29.7029703,6.600660066,6.600660066,0,113.8613861,2003
6,2,2762,1,2,0,Iroquois,343,17.49271137,5.83090379,2.915451895,5.83090379,0,49.56268222,2003
19,6,4187,0,1,0,Jackson,820,23.17073171,7.317073171,0,1.219512195,0,37.80487805,2003
0,0,817,0,1,0,Jasper,72,0,0,0,13.88888889,0,41.66666667,2003
8,1,3352,2,0,0,Jefferson,233,34.33476395,4.291845494,8.583690987,0,0,57.93991416,2003
0,0,1845,0,1,0,Jersey,237,0,0,0,4.219409283,0,12.65822785,2003
2,2,1791,2,0,0,Jo Daviess,183,10.92896175,10.92896175,10.92896175,0,0,49.18032787,2003
0,0,841,0,0,0,Johnson,52,0,0,0,0,0,0,2003
319,98,49455,43,37,7,Kane,9020,35.36585366,10.86474501,4.767184035,4.101995565,0.776053215,77.38359202,2003
91,24,10337,8,10,1,Kankakee,2774,32.80461428,8.651766402,2.883922134,3.604902668,0.360490267,64.16726748,2003
0,2,6223,2,0,0,Kendall,363,0,5.509641873,5.509641873,0,0,19.28374656,2003
41,11,4532,7,7,2,Knox,811,50.55487053,13.56350185,8.631319359,8.631319359,2.466091245,126.3871763,2003
78,36,75283,12,12,1,Lake,7790,10.01283697,4.621309371,1.540436457,1.540436457,0.128369705,25.28883184,2003
43,7,9978,2,2,0,LaSalle,1331,32.30653644,5.259203606,1.502629602,1.502629602,0,47.70848986,2003
3,2,1189,1,1,0,Lawrence,286,10.48951049,6.993006993,3.496503497,3.496503497,0,38.46153846,2003
8,2,2884,0,1,1,Lee,186,43.01075269,10.75268817,0,5.376344086,5.376344086,102.1505376,2003
31,8,3410,2,3,0,Livingston,804,38.55721393,9.950248756,2.487562189,3.731343284,0,69.65174129,2003
10,1,2406,0,0,0,Logan,329,30.39513678,3.039513678,0,0,0,34.95440729,2003
5,2,2058,0,1,0,McDonough,252,19.84126984,7.936507937,0,3.968253968,0,43.65079365,2003
32,8,30310,0,1,0,McHenry,1600,20,5,0,0.625,0,29.375,2003
36,6,13763,2,6,0,McLean,1863,19.3236715,3.220611916,1.073537305,3.220611916,0,35.96349973,2003
170,41,10477,19,11,1,Macon,3001,56.64778407,13.66211263,6.331222926,3.665444852,0.333222259,102.4658447,2003
9,8,4031,2,2,0,Macoupin,588,15.30612245,13.60544218,3.401360544,3.401360544,0,52.72108844,2003
53,16,23186,6,1,0,Madison,2205,24.03628118,7.256235828,2.721088435,0.453514739,0,41.72335601,2003
16,3,3784,4,2,0,Marion,718,22.28412256,4.178272981,5.571030641,2.78551532,0,48.05013928,2003
1,1,1105,0,2,0,Marshall,103,9.708737864,9.708737864,0,19.41747573,0,82.52427184,2003
9,1,1357,0,0,0,Mason,186,48.38709677,5.376344086,0,0,0,56.4516129,2003
2,0,1323,0,0,0,Massac,87,22.98850575,0,0,0,0,22.98850575,2003
6,1,1076,0,1,0,Menard,139,43.16546763,7.194244604,0,7.194244604,0,75.53956835,2003
13,8,1381,0,1,0,Mercer,256,50.78125,31.25,0,3.90625,0,109.375,2003
7,2,2593,0,0,0,Monroe,168,41.66666667,11.9047619,0,0,0,59.52380952,2003
7,3,2518,0,2,0,Montgomery,409,17.11491443,7.334963325,0,4.88997555,0,42.78728606,2003
20,10,2881,2,6,0,Morgan,649,30.81664099,15.40832049,3.081664099,9.244992296,0,87.82742681,2003
0,1,1327,0,0,0,Moultrie,103,0,9.708737864,0,0,0,14.5631068,2003
6,6,4699,3,3,0,Ogle,440,13.63636364,13.63636364,6.818181818,6.818181818,0,68.18181818,2003
200,59,17883,16,21,1,Peoria,2041,97.99118079,28.90739833,7.839294463,10.28907398,0.489955904,190.3478687,2003
14,1,1759,2,0,0,Perry,211,66.3507109,4.739336493,9.478672986,0,0,92.41706161,2003
10,1,1476,1,1,0,Piatt,198,50.50505051,5.050505051,5.050505051,5.050505051,0,83.33333333,2003
12,1,1452,2,0,0,Pike,295,40.6779661,3.389830508,6.779661017,0,0,59.3220339,2003
0,0,299,0,0,0,Pope,24,0,0,0,0,0,0,2003
6,1,663,0,0,0,Pulaski,94,63.82978723,10.63829787,0,0,0,79.78723404,2003
0,0,512,0,0,0,Putnam,71,0,0,0,0,0,0,2003
18,4,2635,0,3,0,Randolph,412,43.68932039,9.708737864,0,7.281553398,0,80.09708738,2003
4,1,1380,0,1,0,Richland,177,22.59887006,5.649717514,0,5.649717514,0,48.02259887,2003
232,80,13246,30,18,1,Rock Island,3703,62.65190386,21.60410478,8.101539292,4.860923575,0.27005131,127.1941669,2003
173,48,25494,11,25,2,St. Clair,4080,42.40196078,11.76470588,2.696078431,6.12745098,0.490196078,86.2745098,2003
9,3,2169,0,1,0,Saline,516,17.44186047,5.813953488,0,1.937984496,0,31.97674419,2003
76,18,17297,11,11,2,Sangamon,2904,26.1707989,6.198347107,3.787878788,3.787878788,0.688705234,57.85123967,2003
4,0,575,0,0,0,Schuyler,44,90.90909091,0,0,0,0,90.90909091,2003
3,0,513,0,0,0,Scott,85,35.29411765,0,0,0,0,35.29411765,2003
4,1,1961,2,2,0,Shelby,247,16.19433198,4.048582996,8.097165992,8.097165992,0,62.75303644,2003
2,0,584,0,0,0,Stark,34,58.82352941,0,0,0,0,58.82352941,2003
53,17,4280,11,3,0,Stephenson,1186,44.68802698,14.33389545,9.274873524,2.529510961,0,92.32715008,2003
17,4,11377,1,2,0,Tazewell,999,17.01701702,4.004004004,1.001001001,2.002002002,0,31.03103103,2003
10,1,1382,0,1,0,Union,182,54.94505495,5.494505495,0,5.494505495,0,79.67032967,2003
42,17,7994,4,3,1,Vermilion,950,44.21052632,17.89473684,4.210526316,3.157894737,1.052631579,94.21052632,2003
11,4,1028,0,1,0,Wabash,236,46.61016949,16.94915254,0,4.237288136,0,84.74576271,2003
13,6,1523,7,3,0,Warren,304,42.76315789,19.73684211,23.02631579,9.868421053,0,148.0263158,2003
3,0,1220,0,0,0,Washington,62,48.38709677,0,0,0,0,48.38709677,2003
9,2,1436,0,0,0,Wayne,407,22.11302211,4.914004914,0,0,0,29.48402948,2003
7,2,1103,3,0,0,White,259,27.02702703,7.722007722,11.58301158,0,0,61.77606178,2003
26,3,5533,1,0,0,Whiteside,1280,20.3125,2.34375,0.78125,0,0,25.390625,2003
87,29,59504,4,13,0,Will,3356,25.92371871,8.641239571,1.191895113,3.873659118,0,52.89034565,2003
1,3,5152,0,0,0,Williamson,279,3.584229391,10.75268817,0,0,0,19.71326165,2003
119,49,27857,23,14,2,Winnebago,4450,26.74157303,11.01123596,5.168539326,3.146067416,0.449438202,65.28089888,2003
0,0,3329,0,0,0,Woodford,102,0,0,0,0,0,0,2003
27,12,6006,5,5,0,Adams,502,53.78486056,23.90438247,9.960159363,9.960159363,0,139.4422311,2002
16,2,846,2,1,0,Alexander,141,113.4751773,14.18439716,14.18439716,7.092198582,0,184.3971631,2002
7,0,1411,0,0,0,Bond,267,26.21722846,0,0,0,0,26.21722846,2002
12,7,4569,1,0,0,Boone,411,29.19708029,17.03163017,2.433090024,0,0,59.6107056,2002
0,0,398,0,0,0,Brown,18,0,0,0,0,0,0,2002
13,3,3022,2,0,0,Bureau,419,31.02625298,7.159904535,4.77326969,0,0,51.31264916,2002
2,0,386,1,0,0,Calhoun,64,31.25,0,15.625,0,0,62.5,2002
10,4,1331,2,0,1,Carroll,280,35.71428571,14.28571429,7.142857143,0,3.571428571,89.28571429,2002
16,5,1293,2,2,0,Cass,268,59.70149254,18.65671642,7.462686567,7.462686567,0,125,2002
33,10,14575,6,2,0,Champaign,1631,20.2329859,6.131207848,3.678724709,1.22624157,0,40.4659718,2002
5,1,3039,2,2,0,Christian,287,17.42160279,3.484320557,6.968641115,6.968641115,0,57.4912892,2002
2,0,1491,0,0,0,Clark,75,26.66666667,0,0,0,0,26.66666667,2002
14,1,1240,4,0,0,Clay,360,38.88888889,2.777777778,11.11111111,0,0,65.27777778,2002
0,0,3147,0,0,0,Clinton,112,0,0,0,0,0,0,2002
11,1,3925,1,0,0,Coles,366,30.05464481,2.732240437,2.732240437,0,0,39.61748634,2002
577,181,549841,94,92,12,CookNotChicago,29713,19.41910948,6.091609733,3.163598425,3.09628782,0.403863629,46.19190253,2002
7230,2268,288416,909,787,109,Chicago,112359,64.3473153,20.18529891,8.090139642,7.004334321,0.970104754,136.6690697,2002
4,1,1581,0,0,1,Crawford,228,17.54385965,4.385964912,0,0,4.385964912,46.05263158,2002
4,0,1021,0,0,0,Cumberland,66,60.60606061,0,0,0,0,60.60606061,2002
17,3,7843,0,1,0,DeKalb,434,39.17050691,6.912442396,0,2.304147465,0,56.4516129,2002
12,5,1497,0,1,0,DeWitt,292,41.09589041,17.12328767,0,3.424657534,0,77.05479452,2002
3,2,1906,0,0,0,Douglas,140,21.42857143,14.28571429,0,0,0,42.85714286,2002
55,20,93355,8,9,3,DuPage,4573,12.02711568,4.373496611,1.749398644,1.968073475,0.656024492,31.27050077,2002
6,6,1641,1,0,0,Edgar,199,30.15075377,30.15075377,5.025125628,0,0,85.42713568,2002
5,0,563,0,1,0,Edwards,93,53.76344086,0,0,10.75268817,0,86.02150538,2002
3,1,3481,1,0,0,Effingham,215,13.95348837,4.651162791,4.651162791,0,0,30.23255814,2002
11,5,1860,4,3,0,Fayette,346,31.79190751,14.45086705,11.56069364,8.670520231,0,102.6011561,2002
4,2,1287,0,0,0,Ford,143,27.97202797,13.98601399,0,0,0,48.95104895,2002
6,1,3176,1,0,0,Franklin,294,20.40816327,3.401360544,3.401360544,0,0,32.31292517,2002
25,5,3022,1,2,0,Fulton,328,76.2195122,15.24390244,3.048780488,6.097560976,0,123.4756098,2002
2,0,504,1,0,0,Gallatin,153,13.07189542,0,6.535947712,0,0,26.14379085,2002
17,5,1303,3,1,0,Greene,232,73.27586207,21.55172414,12.93103448,4.310344828,0,144.3965517,2002
5,1,3519,1,0,0,Grundy,259,19.30501931,3.861003861,3.861003861,0,0,32.81853282,2002
4,1,740,0,0,0,Hamilton,102,39.21568627,9.803921569,0,0,0,53.92156863,2002
21,5,1664,1,1,0,Hancock,358,58.65921788,13.96648045,2.793296089,2.793296089,0,93.57541899,2002
3,1,350,2,0,0,Hardin,36,83.33333333,27.77777778,55.55555556,0,0,236.1111111,2002
3,1,667,0,0,0,Henderson,81,37.03703704,12.34567901,0,0,0,55.55555556,2002
21,8,4355,1,2,0,Henry,254,82.67716535,31.49606299,3.937007874,7.874015748,0,161.4173228,2002
7,1,2762,0,1,1,Iroquois,285,24.56140351,3.50877193,0,3.50877193,3.50877193,57.89473684,2002
25,3,4187,3,0,0,Jackson,705,35.46099291,4.255319149,4.255319149,0,0,50.35460993,2002
1,0,817,0,0,0,Jasper,51,19.60784314,0,0,0,0,19.60784314,2002
9,1,3352,0,0,0,Jefferson,310,29.03225806,3.225806452,0,0,0,33.87096774,2002
3,1,1845,0,0,1,Jersey,151,19.86754967,6.622516556,0,0,6.622516556,62.91390728,2002
2,3,1791,2,0,0,Jo Daviess,189,10.58201058,15.87301587,10.58201058,0,0,55.55555556,2002
1,1,841,0,0,0,Johnson,55,18.18181818,18.18181818,0,0,0,45.45454545,2002
268,103,49455,37,26,5,Kane,7575,35.37953795,13.59735974,4.884488449,3.432343234,0.660066007,79.14191419,2002
102,29,10337,15,11,0,Kankakee,2721,37.4862183,10.65784638,5.512679162,4.042631386,0,76.62624035,2002
7,0,6223,0,1,0,Kendall,290,24.13793103,0,0,3.448275862,0,34.48275862,2002
36,20,4532,7,9,1,Knox,785,45.85987261,25.47770701,8.917197452,11.46496815,1.27388535,142.6751592,2002
121,27,75283,25,17,0,Lake,7697,15.72041055,3.507860205,3.248018709,2.208652722,0,34.10419644,2002
41,11,9978,9,4,0,LaSalle,1498,27.36982644,7.343124166,6.008010681,2.670226969,0,58.41121495,2002
5,0,1189,0,0,0,Lawrence,279,17.92114695,0,0,0,0,17.92114695,2002
8,1,2884,1,1,0,Lee,141,56.73758865,7.092198582,7.092198582,7.092198582,0,102.8368794,2002
38,7,3410,1,4,0,Livingston,852,44.60093897,8.215962441,1.17370892,4.694835681,0,73.35680751,2002
10,4,2406,4,1,0,Logan,345,28.98550725,11.5942029,11.5942029,2.898550725,0,78.26086957,2002
6,0,2058,0,0,0,McDonough,256,23.4375,0,0,0,0,23.4375,2002
27,8,30310,1,3,0,McHenry,1668,16.18705036,4.79616307,0.599520384,1.798561151,0,29.97601918,2002
41,14,13763,1,4,0,McLean,1714,23.92065344,8.168028005,0.583430572,2.333722287,0,44.34072345,2002
155,49,10477,24,10,2,Macon,2765,56.05786618,17.72151899,8.679927667,3.616636528,0.723327306,114.4665461,2002
25,7,4031,3,2,0,Macoupin,582,42.95532646,12.02749141,5.154639175,3.436426117,0,81.61512027,2002
48,14,23186,9,1,0,Madison,2065,23.24455206,6.779661017,4.358353511,0.484261501,0,43.58353511,2002
26,7,3784,0,1,0,Marion,799,32.54067584,8.760951189,0,1.251564456,0,49.43679599,2002
3,2,1105,0,1,0,Marshall,94,31.91489362,21.27659574,0,10.63829787,0,95.74468085,2002
4,2,1357,1,1,0,Mason,240,16.66666667,8.333333333,4.166666667,4.166666667,0,50,2002
2,0,1323,0,0,0,Massac,70,28.57142857,0,0,0,0,28.57142857,2002
0,0,1076,0,0,0,Menard,111,0,0,0,0,0,0,2002
25,10,1381,3,10,1,Mercer,272,91.91176471,36.76470588,11.02941176,36.76470588,3.676470588,297.7941176,2002
5,0,2593,1,0,0,Monroe,117,42.73504274,0,8.547008547,0,0,59.82905983,2002
13,4,2518,0,0,1,Montgomery,448,29.01785714,8.928571429,0,0,2.232142857,53.57142857,2002
21,15,2881,3,2,0,Morgan,539,38.96103896,27.82931354,5.565862709,3.710575139,0,102.9684601,2002
2,2,1327,0,0,0,Moultrie,116,17.24137931,17.24137931,0,0,0,43.10344828,2002
8,0,4699,0,1,1,Ogle,411,19.46472019,0,0,2.433090024,2.433090024,38.92944039,2002
202,67,17883,30,24,1,Peoria,2062,97.96314258,32.49272551,14.54898157,11.63918526,0.484966052,213.14258,2002
14,2,1759,0,3,0,Perry,200,70,10,0,15,0,130,2002
4,2,1476,1,0,1,Piatt,164,24.3902439,12.19512195,6.097560976,0,6.097560976,85.36585366,2002
6,3,1452,2,1,0,Pike,258,23.25581395,11.62790698,7.751937984,3.875968992,0,67.82945736,2002
1,0,299,0,0,0,Pope,19,52.63157895,0,0,0,0,52.63157895,2002
6,2,663,0,0,0,Pulaski,83,72.28915663,24.09638554,0,0,0,108.4337349,2002
1,0,512,0,0,0,Putnam,49,20.40816327,0,0,0,0,20.40816327,2002
17,4,2635,3,2,0,Randolph,376,45.21276596,10.63829787,7.978723404,5.319148936,0,93.08510638,2002
2,0,1380,0,0,0,Richland,88,22.72727273,0,0,0,0,22.72727273,2002
219,66,13246,22,16,6,Rock Island,3190,68.65203762,20.68965517,6.896551724,5.015673981,1.880877743,137.9310345,2002
223,51,25494,20,10,1,St. Clair,4020,55.47263682,12.68656716,4.975124378,2.487562189,0.248756219,93.15920398,2002
18,2,2169,0,0,0,Saline,476,37.81512605,4.201680672,0,0,0,44.11764706,2002
86,34,17297,14,5,1,Sangamon,2821,30.48564339,12.05246367,4.962779156,1.772421127,0.354484225,65.57958171,2002
5,0,575,0,0,0,Schuyler,35,142.8571429,0,0,0,0,142.8571429,2002
2,1,513,0,0,0,Scott,68,29.41176471,14.70588235,0,0,0,51.47058824,2002
9,1,1961,2,0,0,Shelby,220,40.90909091,4.545454545,9.090909091,0,0,65.90909091,2002
2,1,584,0,0,0,Stark,40,50,25,0,0,0,87.5,2002
68,36,4280,8,6,0,Stephenson,1060,64.1509434,33.96226415,7.547169811,5.660377358,0,147.1698113,2002
20,6,11377,0,0,0,Tazewell,1050,19.04761905,5.714285714,0,0,0,27.61904762,2002
9,2,1382,0,0,0,Union,153,58.82352941,13.07189542,0,0,0,78.43137255,2002
54,14,7994,9,5,4,Vermilion,882,61.2244898,15.87301587,10.20408163,5.66893424,4.535147392,145.1247166,2002
17,2,1028,1,1,1,Wabash,221,76.92307692,9.049773756,4.524886878,4.524886878,4.524886878,135.7466063,2002
13,6,1523,0,3,0,Warren,191,68.06282723,31.41361257,0,15.70680628,0,162.3036649,2002
3,0,1220,0,0,0,Washington,38,78.94736842,0,0,0,0,78.94736842,2002
7,6,1436,2,1,0,Wayne,356,19.66292135,16.85393258,5.617977528,2.808988764,0,64.60674157,2002
10,2,1103,0,2,0,White,244,40.98360656,8.196721311,0,8.196721311,0,77.86885246,2002
43,11,5533,0,1,0,Whiteside,942,45.64755839,11.67728238,0,1.061571125,0,66.34819533,2002
97,26,59504,8,6,6,Will,2973,32.62697612,8.745375042,2.690884628,2.018163471,2.018163471,67.27211571,2002
3,1,5152,0,0,0,Williamson,277,10.83032491,3.610108303,0,0,0,16.24548736,2002
133,44,27857,13,21,7,Winnebago,4191,31.73466953,10.49868766,3.101884992,5.010737294,1.670245765,77.06991172,2002
3,0,3329,0,0,0,Woodford,133,22.55639098,0,0,0,0,22.55639098,2002
59,12,6006,6,7,1,Adams,611,96.56301146,19.63993453,9.819967267,11.45662848,1.636661211,188.2160393,2001
8,6,846,2,2,0,Alexander,161,49.68944099,37.26708075,12.42236025,12.42236025,0,167.7018634,2001
4,3,1411,0,0,0,Bond,286,13.98601399,10.48951049,0,0,0,29.72027972,2001
7,9,4569,2,1,0,Boone,330,21.21212121,27.27272727,6.060606061,3.03030303,0,83.33333333,2001
3,1,398,0,0,0,Brown,38,78.94736842,26.31578947,0,0,0,118.4210526,2001
2,0,3022,1,1,0,Bureau,345,5.797101449,0,2.898550725,2.898550725,0,20.28985507,2001
2,0,386,0,0,0,Calhoun,59,33.89830508,0,0,0,0,33.89830508,2001
16,6,1331,1,1,0,Carroll,299,53.51170569,20.06688963,3.344481605,3.344481605,0,100.3344482,2001
16,3,1293,0,3,0,Cass,282,56.73758865,10.63829787,0,10.63829787,0,104.6099291,2001
35,6,14575,3,6,0,Champaign,1646,21.2636695,3.645200486,1.822600243,3.645200486,0,41.31227217,2001
12,4,3039,1,3,0,Christian,313,38.33865815,12.77955272,3.194888179,9.584664537,0,92.65175719,2001
2,1,1491,0,0,0,Clark,65,30.76923077,15.38461538,0,0,0,53.84615385,2001
10,1,1240,0,1,0,Clay,213,46.94835681,4.694835681,0,4.694835681,0,68.07511737,2001
3,0,3147,2,0,0,Clinton,126,23.80952381,0,15.87301587,0,0,55.55555556,2001
6,2,3925,1,1,0,Coles,294,20.40816327,6.802721088,3.401360544,3.401360544,0,47.61904762,2001
719,213,549841,82,94,1,CookNotChicago,27850,25.81687612,7.648114901,2.944344704,3.375224417,0.035906643,53.48294434,2001
8671,2930,288416,1081,958,163,Chicago,118787,72.99620329,24.6659988,9.100322426,8.064855582,1.372204029,159.2514332,2001
0,1,1581,0,0,0,Crawford,122,0,8.196721311,0,0,0,12.29508197,2001
3,0,1021,0,0,0,Cumberland,84,35.71428571,0,0,0,0,35.71428571,2001
14,10,7843,6,4,0,DeKalb,436,32.11009174,22.93577982,13.76146789,9.174311927,0,121.559633,2001
23,1,1497,2,0,0,DeWitt,259,88.8030888,3.861003861,7.722007722,0,0,110.03861,2001
7,4,1906,0,1,1,Douglas,115,60.86956522,34.7826087,0,8.695652174,8.695652174,182.6086957,2001
67,16,93355,8,12,3,DuPage,4565,14.67688938,3.504928806,1.752464403,2.628696605,0.657174151,34.61117196,2001
23,0,1641,2,0,0,Edgar,215,106.9767442,0,9.302325581,0,0,125.5813953,2001
3,0,563,0,0,0,Edwards,74,40.54054054,0,0,0,0,40.54054054,2001
5,2,3481,0,0,0,Effingham,226,22.12389381,8.849557522,0,0,0,35.39823009,2001
10,1,1860,2,3,0,Fayette,359,27.8551532,2.78551532,5.571030641,8.356545961,0,68.24512535,2001
5,1,1287,1,1,1,Ford,137,36.49635036,7.299270073,7.299270073,7.299270073,7.299270073,120.4379562,2001
13,3,3176,0,1,0,Franklin,279,46.59498208,10.75268817,0,3.584229391,0,73.47670251,2001
38,2,3022,1,1,0,Fulton,399,95.23809524,5.012531328,2.506265664,2.506265664,0,115.2882206,2001
1,0,504,0,0,0,Gallatin,119,8.403361345,0,0,0,0,8.403361345,2001
20,6,1303,1,0,0,Greene,223,89.68609865,26.9058296,4.484304933,0,0,139.0134529,2001
7,4,3519,0,0,0,Grundy,284,24.64788732,14.08450704,0,0,0,45.77464789,2001
11,1,740,0,1,1,Hamilton,113,97.34513274,8.849557522,0,8.849557522,8.849557522,181.4159292,2001
23,12,1664,8,2,0,Hancock,425,54.11764706,28.23529412,18.82352941,4.705882353,0,148.2352941,2001
5,0,350,0,2,0,Hardin,43,116.2790698,0,0,46.51162791,0,255.8139535,2001
7,0,667,0,0,0,Henderson,104,67.30769231,0,0,0,0,67.30769231,2001
19,9,4355,1,6,0,Henry,280,67.85714286,32.14285714,3.571428571,21.42857143,0,187.5,2001
11,4,2762,0,0,1,Iroquois,322,34.16149068,12.42236025,0,0,3.105590062,68.32298137,2001
16,2,4187,1,0,0,Jackson,775,20.64516129,2.580645161,1.290322581,0,0,27.09677419,2001
0,0,817,0,0,0,Jasper,78,0,0,0,0,0,0,2001
8,5,3352,0,1,0,Jefferson,404,19.8019802,12.37623762,0,2.475247525,0,45.79207921,2001
6,0,1845,1,0,0,Jersey,148,40.54054054,0,6.756756757,0,0,54.05405405,2001
2,0,1791,2,1,0,Jo Daviess,176,11.36363636,0,11.36363636,5.681818182,0,51.13636364,2001
1,1,841,0,0,0,Johnson,43,23.25581395,23.25581395,0,0,0,58.13953488,2001
339,88,49455,39,26,1,Kane,7610,44.54664915,11.56373193,5.124835742,3.416557162,0.131406045,83.04862024,2001
159,46,10337,14,15,1,Kankakee,2441,65.13723884,18.84473576,5.735354363,6.145022532,0.409668169,125.3584596,2001
7,2,6223,1,1,0,Kendall,315,22.22222222,6.349206349,3.174603175,3.174603175,0,47.61904762,2001
36,18,4532,11,6,0,Knox,795,45.28301887,22.64150943,13.83647799,7.547169811,0,129.5597484,2001
108,32,75283,17,27,1,Lake,7131,15.14514093,4.487449166,2.383957369,3.786285233,0.140232786,38.70424905,2001
32,9,9978,7,2,0,LaSalle,1231,25.99512591,7.311129163,5.686433794,1.62469537,0,53.20877335,2001
8,6,1189,1,0,0,Lawrence,279,28.67383513,21.50537634,3.584229391,0,0,68.10035842,2001
10,2,2884,3,1,0,Lee,182,54.94505495,10.98901099,16.48351648,5.494505495,0,120.8791209,2001
45,17,3410,0,1,1,Livingston,870,51.72413793,19.54022989,0,1.149425287,1.149425287,90.22988506,2001
9,4,2406,2,2,0,Logan,366,24.59016393,10.92896175,5.464480874,5.464480874,0,68.30601093,2001
23,6,2058,0,0,0,McDonough,319,72.10031348,18.80877743,0,0,0,100.3134796,2001
33,11,30310,5,3,1,McHenry,1353,24.3902439,8.130081301,3.6954915,2.2172949,0.7390983,54.32372506,2001
42,13,13763,7,10,2,McLean,1758,23.89078498,7.39476678,3.981797497,5.688282139,1.137656428,65.6996587,2001
190,68,10477,17,11,0,Macon,2855,66.54991243,23.8178634,5.954465849,3.852889667,0,125.7443082,2001
22,4,4031,2,2,0,Macoupin,540,40.74074074,7.407407407,3.703703704,3.703703704,0,70.37037037,2001
68,12,23186,5,8,0,Madison,1808,37.61061947,6.637168142,2.765486726,4.424778761,0,66.37168142,2001
25,9,3784,1,2,1,Marion,743,33.6473755,12.11305518,1.34589502,2.69179004,1.34589502,69.31359354,2001
4,3,1105,0,0,1,Marshall,101,39.6039604,29.7029703,0,0,9.900990099,133.6633663,2001
10,1,1357,0,0,0,Mason,213,46.94835681,4.694835681,0,0,0,53.99061033,2001
5,0,1323,1,0,0,Massac,75,66.66666667,0,13.33333333,0,0,93.33333333,2001
1,1,1076,1,0,0,Menard,66,15.15151515,15.15151515,15.15151515,0,0,68.18181818,2001
19,7,1381,3,3,0,Mercer,219,86.75799087,31.96347032,13.69863014,13.69863014,0,203.196347,2001
1,0,2593,0,0,0,Monroe,110,9.090909091,0,0,0,0,9.090909091,2001
16,5,2518,2,1,0,Montgomery,441,36.28117914,11.33786848,4.535147392,2.267573696,0,69.16099773,2001
37,9,2881,3,7,1,Morgan,624,59.29487179,14.42307692,4.807692308,11.21794872,1.602564103,132.2115385,2001
2,2,1327,0,1,0,Moultrie,98,20.40816327,20.40816327,0,10.20408163,0,81.63265306,2001
18,5,4699,0,1,0,Ogle,405,44.44444444,12.34567901,0,2.469135802,0,70.37037037,2001
194,70,17883,25,30,2,Peoria,2254,86.06921029,31.05590062,11.09139308,13.30967169,0.887311446,199.2014197,2001
15,6,1759,2,0,0,Perry,151,99.33774834,39.73509934,13.24503311,0,0,185.4304636,2001
12,5,1476,2,2,1,Piatt,183,65.57377049,27.32240437,10.92896175,10.92896175,5.464480874,188.5245902,2001
17,6,1452,0,0,0,Pike,302,56.29139073,19.86754967,0,0,0,86.09271523,2001
0,1,299,0,0,0,Pope,11,0,90.90909091,0,0,0,136.3636364,2001
7,1,663,0,0,0,Pulaski,63,111.1111111,15.87301587,0,0,0,134.9206349,2001
0,0,512,0,0,0,Putnam,40,0,0,0,0,0,0,2001
17,5,2635,2,2,0,Randolph,410,41.46341463,12.19512195,4.87804878,4.87804878,0,84.14634146,2001
5,0,1380,0,0,0,Richland,99,50.50505051,0,0,0,0,50.50505051,2001
225,60,13246,23,14,1,Rock Island,2940,76.53061224,20.40816327,7.823129252,4.761904762,0.340136054,138.7755102,2001
314,75,25494,26,9,1,St. Clair,4149,75.68088696,18.07664497,6.266570258,2.169197397,0.241021933,123.0416968,2001
6,1,2169,2,0,0,Saline,486,12.34567901,2.057613169,4.115226337,0,0,23.66255144,2001
104,51,17297,9,11,4,Sangamon,2805,37.07664884,18.18181818,3.20855615,3.921568627,1.426024955,89.66131907,2001
4,2,575,1,0,0,Schuyler,27,148.1481481,74.07407407,37.03703704,0,0,333.3333333,2001
5,0,513,0,0,0,Scott,63,79.36507937,0,0,0,0,79.36507937,2001
2,1,1961,0,2,0,Shelby,161,12.42236025,6.211180124,0,12.42236025,0,59.00621118,2001
2,0,584,0,1,0,Stark,31,64.51612903,0,0,32.25806452,0,161.2903226,2001
114,34,4280,10,21,1,Stephenson,1156,98.61591696,29.41176471,8.650519031,18.16608997,0.865051903,218.8581315,2001
20,5,11377,1,1,0,Tazewell,1001,19.98001998,4.995004995,0.999000999,0.999000999,0,32.46753247,2001
13,1,1382,1,1,0,Union,156,83.33333333,6.41025641,6.41025641,6.41025641,0,125,2001
47,16,7994,8,9,3,Vermilion,900,52.22222222,17.77777778,8.888888889,10,3.333333333,143.3333333,2001
10,5,1028,0,0,0,Wabash,177,56.49717514,28.24858757,0,0,0,98.8700565,2001
11,7,1523,5,0,0,Warren,214,51.40186916,32.71028037,23.36448598,0,0,147.1962617,2001
2,0,1220,0,0,0,Washington,38,52.63157895,0,0,0,0,52.63157895,2001
7,4,1436,0,1,0,Wayne,353,19.83002833,11.33144476,0,2.83286119,0,45.32577904,2001
7,5,1103,0,1,0,White,240,29.16666667,20.83333333,0,4.166666667,0,72.91666667,2001
48,16,5533,5,6,0,Whiteside,1006,47.71371769,15.90457256,4.970178926,5.964214712,0,99.40357853,2001
115,24,59504,16,13,2,Will,3108,37.001287,7.722007722,5.148005148,4.182754183,0.643500644,74.64607465,2001
9,1,5152,0,0,0,Williamson,350,25.71428571,2.857142857,0,0,0,30,2001
159,39,27857,27,24,3,Winnebago,4361,36.45952763,8.942903004,6.191240541,5.503324925,0.687915616,82.20591607,2001
7,2,3329,1,0,0,Woodford,122,57.37704918,16.39344262,8.196721311,0,0,98.36065574,2001
54,9,6664,4,5,0,Adams,566,95.40636042,15.90106007,7.067137809,8.833922261,0,159.8939929,2000
13,5,1166,2,0,0,Alexander,130,100,38.46153846,15.38461538,0,0,188.4615385,2000
18,6,1431,2,1,0,Bond,307,58.63192182,19.54397394,6.51465798,3.25732899,0,110.7491857,2000
10,5,3344,2,0,0,Boone,286,34.96503497,17.48251748,6.993006993,0,0,75.17482517,2000
2,2,465,0,0,0,Brown,22,90.90909091,90.90909091,0,0,0,227.2727273,2000
3,10,3516,0,2,0,Bureau,359,8.356545961,27.8551532,0,5.571030641,0,66.85236769,2000
4,1,544,1,0,0,Calhoun,34,117.6470588,29.41176471,29.41176471,0,0,220.5882353,2000
10,4,1522,2,0,0,Carroll,239,41.84100418,16.73640167,8.368200837,0,0,83.68200837,2000
5,3,1246,0,2,0,Cass,123,40.6504065,24.3902439,0,16.2601626,0,126.0162602,2000
45,6,16730,2,1,2,Champaign,1567,28.71729419,3.828972559,1.276324186,0.638162093,1.276324186,45.30950862,2000
15,5,3428,2,1,1,Christian,427,35.12880562,11.70960187,4.683840749,2.341920375,2.341920375,80.79625293,2000
0,0,1491,0,0,0,Clark,39,0,0,0,0,0,0,2000
8,1,1316,0,0,0,Clay,195,41.02564103,5.128205128,0,0,0,48.71794872,2000
3,0,3394,0,0,0,Clinton,48,62.5,0,0,0,0,62.5,2000
12,1,4154,1,1,1,Coles,192,62.5,5.208333333,5.208333333,5.208333333,5.208333333,122.3958333,2000
697,234,239334,97,100,11,CookNotChicago,21416,32.54576018,10.92641016,4.52932387,4.669406052,0.513634666,74.57041464,2000
10745,3494,296408,1483,1265,160,Chicago,113547,94.63041736,30.77139863,13.06067091,11.14076109,1.409108123,207.376681,2000
4,0,1832,1,0,0,Crawford,109,36.69724771,0,9.174311927,0,0,55.04587156,2000
0,1,1152,0,0,0,Cumberland,58,0,17.24137931,0,0,0,25.86206897,2000
17,7,6953,1,1,0,DeKalb,374,45.45454545,18.71657754,2.673796791,2.673796791,0,86.89839572,2000
30,8,1545,2,0,0,DeWitt,257,116.7315175,31.12840467,7.782101167,0,0,178.9883268,2000
2,1,2038,0,3,0,Douglas,94,21.27659574,10.63829787,0,31.91489362,0,132.9787234,2000
105,25,89010,13,9,0,DuPage,3345,31.39013453,7.473841555,3.886397608,2.69058296,0,58.44544096,2000
15,4,1717,1,2,0,Edgar,197,76.14213198,20.30456853,5.076142132,10.15228426,0,147.2081218,2000
8,1,674,0,0,0,Edwards,51,156.8627451,19.60784314,0,0,0,186.2745098,2000
2,0,3876,0,0,0,Effingham,73,27.39726027,0,0,0,0,27.39726027,2000
7,3,1937,1,0,0,Fayette,326,21.47239264,9.202453988,3.067484663,0,0,41.41104294,2000
9,2,1376,2,0,0,Ford,125,72,16,16,0,0,128,2000
13,1,3440,1,0,0,Franklin,230,56.52173913,4.347826087,4.347826087,0,0,71.73913043,2000
34,11,3284,6,1,0,Fulton,351,96.86609687,31.33903134,17.09401709,2.849002849,0,186.6096866,2000
3,0,569,0,0,0,Gallatin,87,34.48275862,0,0,0,0,34.48275862,2000
19,3,1568,1,1,0,Greene,175,108.5714286,17.14285714,5.714285714,5.714285714,0,162.8571429,2000
6,1,3369,2,1,0,Grundy,281,21.35231317,3.558718861,7.117437722,3.558718861,0,51.60142349,2000
10,1,750,1,1,0,Hamilton,100,100,10,10,10,0,165,2000
30,8,1970,8,1,0,Hancock,344,87.20930233,23.25581395,23.25581395,2.906976744,0,177.3255814,2000
5,1,425,0,1,0,Hardin,31,161.2903226,32.25806452,0,32.25806452,0,306.4516129,2000
10,3,738,0,1,0,Henderson,130,76.92307692,23.07692308,0,7.692307692,0,134.6153846,2000
15,5,4937,1,2,0,Henry,178,84.26966292,28.08988764,5.617977528,11.23595506,0,171.3483146,2000
11,1,2945,1,0,0,Iroquois,344,31.97674419,2.906976744,2.906976744,0,0,42.15116279,2000
24,3,4697,1,1,0,Jackson,709,33.85049365,4.231311707,1.410437236,1.410437236,0,47.24964739,2000
5,0,1178,0,0,0,Jasper,55,90.90909091,0,0,0,0,90.90909091,2000
10,2,3841,1,2,0,Jefferson,398,25.12562814,5.025125628,2.512562814,5.025125628,0,52.7638191,2000
1,1,2116,2,0,0,Jersey,108,9.259259259,9.259259259,18.51851852,0,0,60.18518519,2000
7,2,2158,0,2,0,Jo Daviess,158,44.30379747,12.65822785,0,12.65822785,0,101.2658228,2000
1,2,818,0,0,0,Johnson,59,16.94915254,33.89830508,0,0,0,67.79661017,2000
434,95,39441,31,19,4,Kane,6243,69.51786,15.21704309,4.965561429,3.043408618,0.640717604,114.6083614,2000
172,51,10635,13,20,2,Kankakee,1947,88.34103749,26.19414484,6.67693888,10.27221366,1.027221366,176.9388803,2000
6,2,4448,0,0,0,Kendall,248,24.19354839,8.064516129,0,0,0,36.29032258,2000
36,12,4931,7,7,1,Knox,791,45.51201011,15.17067004,8.849557522,8.849557522,1.264222503,118.8369153,2000
152,31,61257,4,11,4,Lake,6219,24.44122849,4.984724232,0.643190224,1.768773115,0.643190224,41.72696575,2000
40,7,10376,7,5,1,LaSalle,1164,34.36426117,6.013745704,6.013745704,4.295532646,0.859106529,72.59450172,2000
9,7,1435,0,1,0,Lawrence,308,29.22077922,22.72727273,0,3.246753247,0,73.05194805,2000
17,2,3404,1,1,0,Lee,210,80.95238095,9.523809524,4.761904762,4.761904762,0,119.047619,2000
39,8,3922,5,4,0,Livingston,891,43.77104377,8.978675645,5.611672278,4.489337823,0,81.93041526,2000
16,6,2842,3,1,0,Logan,334,47.90419162,17.96407186,8.982035928,2.994011976,0,101.7964072,2000
18,3,2463,3,0,0,McDonough,209,86.12440191,14.35406699,14.35406699,0,0,136.3636364,2000
31,8,22241,1,1,0,McHenry,1059,29.27289896,7.554296506,0.944287063,0.944287063,0,45.32577904,2000
60,13,12280,1,6,0,McLean,1726,34.76245655,7.531865585,0.579374276,3.476245655,0,57.64774044,2000
193,67,11304,20,19,5,Macon,2556,75.5086072,26.21283255,7.824726135,7.433489828,1.956181534,162.5586854,2000
20,10,4475,1,2,0,Macoupin,509,39.29273084,19.64636542,1.964636542,3.929273084,0,84.47937132,2000
87,28,25426,8,11,3,Madison,1319,65.95905989,21.22820318,6.06520091,8.339651251,2.274450341,146.3229719,2000
9,5,4168,0,2,0,Marion,330,27.27272727,15.15151515,0,6.060606061,0,68.18181818,2000
6,2,1127,2,1,0,Marshall,85,70.58823529,23.52941176,23.52941176,11.76470588,0,188.2352941,2000
11,0,1481,0,1,0,Mason,189,58.2010582,0,0,5.291005291,0,74.07407407,2000
5,2,1302,0,0,0,Massac,52,96.15384615,38.46153846,0,0,0,153.8461538,2000
0,0,1092,0,0,0,Menard,63,0,0,0,0,0,0,2000
11,5,1647,3,4,0,Mercer,205,53.65853659,24.3902439,14.63414634,19.51219512,0,178.0487805,2000
1,0,2379,0,1,0,Monroe,76,13.15789474,0,0,13.15789474,0,52.63157895,2000
21,12,2982,1,1,0,Montgomery,459,45.75163399,26.14379085,2.178649237,2.178649237,0,95.86056645,2000
39,9,3290,2,1,1,Morgan,465,83.87096774,19.35483871,4.301075269,2.150537634,2.150537634,138.7096774,2000
0,0,1301,1,0,0,Moultrie,89,0,0,11.23595506,0,0,22.47191011,2000
13,8,4801,3,1,1,Ogle,396,32.82828283,20.2020202,7.575757576,2.525252525,2.525252525,98.48484848,2000
227,87,18252,20,19,1,Peoria,1770,128.2485876,49.15254237,11.29943503,10.73446328,0.564971751,259.6045198,2000
9,1,2112,0,0,0,Perry,81,111.1111111,12.34567901,0,0,0,129.6296296,2000
7,3,1432,0,0,0,Piatt,155,45.16129032,19.35483871,0,0,0,74.19354839,2000
17,1,1611,2,1,0,Pike,320,53.125,3.125,6.25,3.125,0,79.6875,2000
1,0,299,1,0,0,Pope,20,50,0,50,0,0,150,2000
9,1,795,0,0,0,Pulaski,51,176.4705882,19.60784314,0,0,0,205.8823529,2000
0,0,596,0,0,0,Putnam,49,0,0,0,0,0,0,2000
19,3,3109,1,4,0,Randolph,331,57.40181269,9.063444109,3.021148036,12.08459215,0,113.2930514,2000
12,1,1629,0,0,0,Richland,114,105.2631579,8.771929825,0,0,0,118.4210526,2000
238,75,14688,33,17,0,Rock Island,2920,81.50684932,25.68493151,11.30136986,5.821917808,0,160.1027397,2000
371,70,29386,22,18,0,St. Clair,3926,94.49821701,17.82985227,5.603667855,4.584819154,0,146.2047886,2000
22,2,2356,1,0,0,Saline,530,41.50943396,3.773584906,1.886792453,0,0,50.94339623,2000
137,45,18225,26,15,2,Sangamon,2216,61.82310469,20.30685921,11.73285199,6.768953069,0.902527076,140.5685921,2000
4,1,685,0,0,0,Schuyler,29,137.9310345,34.48275862,0,0,0,189.6551724,2000
2,0,571,0,0,0,Scott,33,60.60606061,0,0,0,0,60.60606061,2000
7,0,2137,0,0,0,Shelby,129,54.26356589,0,0,0,0,54.26356589,2000
4,0,598,0,0,0,Stark,18,222.2222222,0,0,0,0,222.2222222,2000
104,37,4988,15,10,2,Stephenson,935,111.2299465,39.57219251,16.04278075,10.69518717,2.139037433,245.4545455,2000
20,10,12321,3,1,1,Tazewell,1095,18.26484018,9.132420091,2.739726027,0.913242009,0.913242009,44.74885845,2000
8,5,1472,2,2,0,Union,151,52.98013245,33.11258278,13.24503311,13.24503311,0,168.8741722,2000
59,13,8689,5,3,4,Vermilion,814,72.48157248,15.97051597,6.142506143,3.685503686,4.914004914,144.3488943,2000
11,6,1282,1,1,0,Wabash,153,71.89542484,39.21568627,6.535947712,6.535947712,0,163.3986928,2000
14,5,1856,1,3,0,Warren,229,61.13537118,21.83406114,4.366812227,13.10043668,0,141.9213974,2000
2,0,1408,0,0,0,Washington,28,71.42857143,0,0,0,0,71.42857143,2000
11,2,1589,1,0,0,Wayne,415,26.5060241,4.819277108,2.409638554,0,0,38.55421687,2000
15,1,1581,1,0,0,White,208,72.11538462,4.807692308,4.807692308,0,0,88.94230769,2000
37,16,6011,7,9,2,Whiteside,867,42.67589389,18.4544406,8.073817762,10.38062284,2.306805075,129.1810842,2000
168,37,42170,16,7,3,Will,2678,62.73338312,13.81628081,5.974607916,2.613890963,1.120238984,108.849888,2000
5,1,5327,0,0,0,Williamson,306,16.33986928,3.267973856,0,0,0,21.24183007,2000
165,49,27077,23,12,2,Winnebago,4162,39.64440173,11.77318597,5.526189332,2.883229217,0.480538203,79.40893801,2000
2,2,3350,1,0,0,Woodford,85,23.52941176,23.52941176,11.76470588,0,0,82.35294118,2000
